SEQ	POS	ID	REF	A/T	INFO
NC_000962.3	213146	.	C	A	
NC_000962.3	213280	.	C	T	
NC_000962.3	1722227	.	A	C	
NC_000962.3	1877743	.	A	C	
NC_000962.3	2673817	.	C	G	
NC_000962.3	3979989	.	C	G	
NC_000962.3	1361284	.	C	T	
NC_000962.3	1643863	.	T	C	
NC_000962.3	1955940	.	G	C	
NC_000962.3	3127930	.	T	A	
NC_000962.3	200378	.	C	T	
NC_000962.3	236511	.	C	T	
NC_000962.3	235680	.	G	A	
NC_000962.3	495197	.	A	G	
NC_000962.3	1038499	.	T	G	
NC_000962.3	1875294	.	C	T	
NC_000962.3	3244125	.	G	A	
NC_000962.3	2745738	.	G	A	
NC_000962.3	3244413	.	A	G	
NC_000962.3	3447479	.	A	C	
NC_000962.3	4290826	.	C	G	
NC_000962.3	27198	.	G	A	
NC_000962.3	2239159	.	G	C	
NC_000962.3	2654695	.	G	A	
NC_000962.3	3129674	.	C	T	
NC_000962.3	27472	.	G	T	
NC_000962.3	412279	.	T	G	
NC_000962.3	1097022	.	G	A	
NC_000962.3	2239054	.	C	T	
NC_000962.3	2574597	.	C	T	
NC_000962.3	2726050	.	G	A	
NC_000962.3	27468	.	A	G	